price,area,bedrooms,bathrooms,stories,mainroad,guestroom,basement,hotwaterheating,airconditioning,parking,prefarea,furnishingstatus
1.0,0.3965,0.6,0.3333,0.6665,1.0,0.0,0.0,0.0,1.0,0.6665,1.0,0.5
0.909,0.5024,0.6,1.0,1.0,1.0,0.0,0.0,0.0,1.0,1.0,0.0,0.5
0.909,0.5713,0.4,0.3333,0.3333,1.0,0.0,1.0,0.0,0.0,0.6665,1.0,1.0
0.9062,0.402,0.6,0.3333,0.3333,1.0,0.0,1.0,0.0,1.0,1.0,1.0,0.5
0.8364,0.3965,0.6,0.0,0.3333,1.0,1.0,1.0,0.0,1.0,0.6665,0.0,0.5
0.788,0.402,0.4,0.6665,0.0,1.0,0.0,1.0,0.0,1.0,0.6665,1.0,1.0
0.727,0.4763,0.6,0.6665,1.0,1.0,0.0,0.0,0.0,1.0,0.6665,1.0,1.0
0.727,1.0,0.8,0.6665,0.3333,1.0,0.0,0.0,0.0,0.0,0.0,0.0,0.0
0.703,0.4434,0.6,0.0,0.3333,1.0,1.0,1.0,0.0,1.0,0.6665,1.0,0.5
0.697,0.2817,0.4,0.3333,1.0,1.0,1.0,0.0,0.0,1.0,0.3333,1.0,0.0
0.697,0.794,0.4,0.0,0.3333,1.0,0.0,1.0,0.0,1.0,0.6665,1.0,0.5
0.6865,0.299,0.6,0.6665,0.3333,1.0,1.0,1.0,1.0,0.0,0.6665,0.0,1.0
0.655,0.3367,0.6,0.3333,0.3333,1.0,0.0,0.0,0.0,1.0,0.3333,1.0,1.0
0.6484,0.1272,0.6,0.3333,0.3333,1.0,0.0,0.0,1.0,0.0,0.6665,0.0,0.5
0.6484,0.4226,0.4,0.3333,0.3333,1.0,0.0,0.0,0.0,0.0,0.0,1.0,1.0
0.636,0.299,0.6,0.0,0.3333,1.0,0.0,1.0,0.0,0.0,0.6665,0.0,1.0
0.636,0.34,0.6,0.3333,0.3333,1.0,1.0,1.0,0.0,1.0,0.3333,1.0,0.0
0.624,0.4707,0.4,0.3333,1.0,1.0,0.0,0.0,0.0,1.0,0.6665,0.0,0.5
0.618,0.2028,0.4,0.3333,0.3333,1.0,1.0,0.0,0.0,1.0,0.6665,0.0,0.5
0.615,0.328,0.4,0.3333,0.3333,1.0,0.0,0.0,0.0,1.0,0.3333,1.0,1.0
0.606,0.1835,0.4,0.0,0.3333,1.0,0.0,1.0,1.0,0.0,0.6665,0.0,1.0
0.6,0.3784,0.4,0.3333,0.0,1.0,1.0,1.0,0.0,1.0,0.6665,0.0,0.0
0.597,0.44,0.4,0.0,0.0,1.0,1.0,1.0,0.0,1.0,0.3333,0.0,0.5
0.597,0.2,0.4,0.3333,0.3333,1.0,1.0,1.0,0.0,1.0,0.3333,0.0,0.5
0.591,0.4915,0.4,0.3333,0.3333,1.0,0.0,0.0,0.0,1.0,0.6665,0.0,0.5
0.588,0.3362,0.6,0.3333,0.3333,1.0,1.0,1.0,0.0,1.0,0.6665,1.0,0.5
0.581,0.299,0.4,0.3333,1.0,1.0,1.0,1.0,0.0,1.0,0.0,1.0,1.0
0.5757,0.4966,0.4,0.0,0.0,1.0,0.0,0.0,0.0,0.0,0.3333,0.0,1.0
0.5757,0.433,0.8,0.3333,0.3333,1.0,0.0,1.0,1.0,0.0,0.6665,0.0,0.0
0.5757,0.2646,0.6,0.3333,0.3333,1.0,0.0,1.0,0.0,1.0,0.3333,1.0,1.0
0.5757,0.4004,0.4,0.3333,1.0,1.0,0.0,0.0,0.0,1.0,0.6665,0.0,0.0
0.5757,0.3677,0.4,0.0,1.0,1.0,0.0,0.0,0.0,1.0,0.6665,0.0,1.0
0.567,0.222,0.6,0.3333,0.3333,1.0,0.0,0.0,0.0,1.0,0.3333,1.0,0.5
0.5576,0.2961,0.4,0.6665,0.3333,1.0,1.0,1.0,0.0,0.0,0.3333,0.0,0.0
0.552,0.3567,0.8,0.0,0.3333,1.0,1.0,1.0,0.0,1.0,0.3333,0.0,0.5
0.5483,0.3677,0.4,0.3333,1.0,1.0,0.0,0.0,0.0,1.0,0.6665,0.0,0.5
0.545,0.401,0.4,0.3333,0.6665,1.0,0.0,0.0,1.0,0.0,0.3333,1.0,0.5
0.5396,0.5054,0.6,0.3333,1.0,1.0,0.0,0.0,0.0,1.0,0.6665,0.0,0.5
0.538,0.299,0.4,0.0,1.0,1.0,1.0,0.0,0.0,1.0,0.6665,0.0,0.0
0.533,0.299,0.6,0.3333,1.0,1.0,0.0,0.0,0.0,1.0,0.3333,0.0,1.0
0.5303,0.3367,0.4,0.0,0.3333,1.0,0.0,1.0,0.0,1.0,0.0,1.0,0.5
0.5273,0.3237,0.4,0.3333,1.0,1.0,0.0,0.0,0.0,1.0,0.0,1.0,0.5
0.515,0.332,0.4,0.3333,1.0,1.0,0.0,0.0,0.0,1.0,0.6665,0.0,0.0
0.515,0.299,0.6,0.3333,1.0,1.0,0.0,0.0,0.0,0.0,0.6665,0.0,1.0
0.503,0.299,0.6,0.3333,1.0,1.0,0.0,0.0,0.0,1.0,0.3333,0.0,0.5
0.503,0.299,0.4,0.3333,0.6665,1.0,0.0,0.0,0.0,1.0,0.0,0.0,1.0
0.5,0.299,0.4,0.3333,1.0,1.0,0.0,0.0,0.0,1.0,0.3333,0.0,0.5
0.497,0.34,0.4,0.0,1.0,1.0,0.0,0.0,0.0,1.0,1.0,1.0,0.5
0.494,0.1821,0.4,0.3333,0.3333,1.0,0.0,1.0,0.0,0.0,0.3333,0.0,0.0
0.491,0.398,0.4,0.3333,0.0,1.0,1.0,1.0,0.0,1.0,0.0,1.0,1.0
0.491,0.398,0.4,0.3333,1.0,1.0,0.0,0.0,0.0,0.0,0.3333,1.0,0.0
0.491,0.3213,0.4,0.0,1.0,1.0,0.0,0.0,0.0,1.0,0.3333,0.0,0.0
0.4849,0.299,0.6,0.3333,1.0,1.0,1.0,0.0,0.0,1.0,0.3333,0.0,0.5
0.4849,0.2406,0.4,0.3333,1.0,1.0,0.0,0.0,0.0,1.0,0.6665,0.0,1.0
0.4849,0.299,0.4,0.3333,0.3333,1.0,1.0,0.0,0.0,1.0,0.3333,0.0,1.0
0.4849,0.299,0.4,0.0,0.3333,1.0,0.0,0.0,0.0,1.0,0.3333,0.0,0.0
0.4841,0.673,0.6,0.0,0.3333,1.0,0.0,1.0,0.0,0.0,0.3333,1.0,1.0
0.4758,0.5054,0.6,0.3333,1.0,1.0,1.0,0.0,0.0,1.0,0.3333,1.0,0.5
0.4727,0.4146,0.6,0.3333,1.0,1.0,1.0,0.0,0.0,1.0,0.3333,0.0,1.0
0.4727,0.299,0.4,0.3333,1.0,1.0,1.0,0.0,0.0,1.0,0.3333,0.0,0.5
0.4666,0.299,0.4,0.3333,0.3333,1.0,1.0,0.0,0.0,0.0,0.3333,0.0,1.0
0.4607,0.4968,0.2,0.0,0.0,1.0,0.0,0.0,0.0,1.0,0.3333,0.0,1.0
0.4607,0.3154,0.6,0.3333,0.3333,1.0,0.0,0.0,0.0,1.0,0.3333,0.0,0.5
0.4575,0.3237,0.6,0.3333,0.6665,1.0,0.0,0.0,0.0,1.0,0.6665,1.0,0.5
0.4546,0.655,0.4,0.0,0.0,1.0,0.0,1.0,0.0,1.0,0.3333,1.0,0.5
0.4485,0.4968,0.4,0.3333,0.3333,1.0,0.0,1.0,0.0,1.0,0.3333,0.0,0.5
0.4485,0.794,0.2,0.0,0.0,1.0,0.0,1.0,1.0,0.0,0.3333,0.0,0.5
0.4456,0.4158,0.4,0.3333,0.0,1.0,0.0,0.0,0.0,0.0,0.6665,0.0,0.0
0.4424,0.299,0.4,0.0,0.0,1.0,0.0,0.0,0.0,1.0,0.3333,0.0,0.5
0.4363,0.7173,0.6,0.3333,0.3333,1.0,0.0,0.0,0.0,0.0,0.6665,1.0,0.5
0.4363,0.1615,0.4,0.3333,0.3333,1.0,0.0,1.0,0.0,1.0,0.0,1.0,1.0
0.4333,0.299,0.6,0.3333,1.0,1.0,0.0,0.0,0.0,1.0,0.0,0.0,0.0
0.4304,0.2316,0.4,0.0,1.0,1.0,0.0,0.0,0.0,1.0,0.0,1.0,0.0
0.4272,0.34,0.2,0.3333,1.0,1.0,0.0,1.0,0.0,0.0,0.0,1.0,0.5
0.4243,0.1643,0.4,0.0,0.3333,1.0,0.0,1.0,1.0,0.0,0.3333,0.0,0.5
0.4243,0.1793,0.6,0.3333,0.3333,1.0,0.0,0.0,1.0,0.0,0.0,0.0,1.0
0.4243,0.328,0.4,0.3333,0.6665,1.0,0.0,0.0,0.0,1.0,0.0,1.0,0.5
0.4243,0.3333,0.4,0.3333,0.6665,1.0,0.0,0.0,0.0,1.0,0.0,1.0,0.5
0.4243,0.2783,0.4,0.0,0.0,1.0,1.0,1.0,0.0,1.0,0.6665,1.0,0.5
0.4243,0.299,0.4,0.3333,0.6665,1.0,1.0,0.0,0.0,1.0,0.0,0.0,0.5
0.4224,0.299,0.4,0.0,0.3333,1.0,0.0,0.0,1.0,0.0,0.3333,1.0,1.0
0.4211,0.1615,0.4,0.3333,0.3333,1.0,0.0,1.0,0.0,1.0,0.3333,0.0,1.0
0.4211,0.6084,0.4,0.3333,0.0,1.0,0.0,1.0,0.0,1.0,0.3333,1.0,0.5
0.4182,0.299,0.4,0.3333,1.0,1.0,0.0,0.0,0.0,1.0,0.0,0.0,1.0
0.412,0.145,0.4,0.0,0.3333,1.0,0.0,0.0,1.0,0.0,0.6665,0.0,1.0
0.412,0.4536,0.4,0.3333,0.6665,1.0,0.0,0.0,0.0,1.0,0.0,0.0,0.5
0.412,0.345,0.4,0.0,0.6665,1.0,0.0,1.0,0.0,0.0,0.0,1.0,0.0
0.4092,0.1588,0.4,0.0,0.0,1.0,0.0,1.0,0.0,0.0,0.6665,0.0,1.0
0.4092,0.396,0.4,0.0,0.0,1.0,1.0,1.0,0.0,1.0,0.6665,1.0,0.0
0.406,0.4763,0.8,0.6665,0.3333,1.0,0.0,0.0,0.0,0.0,0.6665,0.0,0.5
0.406,0.2302,0.4,0.0,0.3333,1.0,0.0,0.0,0.0,1.0,0.0,0.0,1.0
0.4043,0.3506,0.2,0.0,0.0,1.0,1.0,1.0,0.0,0.0,0.6665,1.0,0.5
0.403,0.2166,0.4,0.3333,1.0,1.0,1.0,0.0,0.0,1.0,0.0,0.0,0.5
0.394,0.3813,0.4,0.3333,0.0,1.0,0.0,1.0,0.0,1.0,1.0,0.0,1.0
0.394,0.299,0.6,0.3333,1.0,1.0,0.0,0.0,0.0,0.0,0.3333,0.0,1.0
0.394,0.1683,0.4,0.3333,0.6665,1.0,0.0,0.0,0.0,1.0,0.6665,0.0,1.0
0.394,0.5054,0.4,0.0,0.0,1.0,0.0,1.0,0.0,0.0,0.3333,1.0,0.5
0.394,0.3264,0.4,0.0,0.0,1.0,1.0,1.0,0.0,1.0,0.3333,1.0,1.0
0.3933,0.34,0.4,0.3333,0.6665,1.0,0.0,0.0,0.0,1.0,0.0,1.0,0.0
0.3909,0.299,0.6,0.0,0.6665,1.0,1.0,1.0,0.0,0.0,0.0,1.0,0.0
0.388,0.34,0.4,0.3333,0.0,1.0,0.0,1.0,0.0,1.0,0.0,1.0,0.0
0.388,0.2646,0.4,0.0,0.6665,1.0,0.0,0.0,0.0,0.0,0.3333,1.0,0.0
0.3848,0.2646,0.4,0.3333,1.0,1.0,1.0,0.0,0.0,1.0,0.3333,0.0,1.0
0.3848,0.323,0.4,0.3333,0.6665,1.0,1.0,0.0,0.0,1.0,0.0,0.0,0.5
0.3848,0.2646,0.4,0.3333,0.0,1.0,1.0,1.0,0.0,0.0,0.6665,1.0,0.5
0.3818,0.1959,0.4,0.0,1.0,1.0,0.0,0.0,0.0,1.0,0.0,0.0,0.0
0.3818,0.2612,0.6,0.3333,0.0,1.0,0.0,1.0,0.0,1.0,0.0,1.0,1.0
0.379,0.328,0.4,0.0,0.6665,1.0,0.0,1.0,0.0,0.0,0.0,1.0,0.0
0.3772,0.10925,0.6,0.0,0.6665,1.0,0.0,0.0,0.0,0.0,0.3333,0.0,1.0
0.3757,0.3413,0.6,0.3333,0.3333,1.0,1.0,0.0,1.0,0.0,0.3333,0.0,1.0
0.3757,0.34,0.4,0.0,0.0,1.0,1.0,1.0,0.0,0.0,0.6665,1.0,1.0
0.3757,0.462,0.4,0.0,0.6665,1.0,0.0,0.0,0.0,1.0,0.6665,0.0,0.0
0.3752,0.1821,1.0,0.3333,0.3333,1.0,0.0,0.0,0.0,0.0,0.0,0.0,0.5
0.3752,0.548,0.4,0.0,0.0,1.0,0.0,1.0,0.0,0.0,0.6665,1.0,0.5
0.3696,0.354,0.2,0.0,0.0,1.0,1.0,1.0,0.0,0.0,0.6665,0.0,0.5
0.3696,0.4365,0.4,0.0,0.0,1.0,1.0,1.0,0.0,1.0,0.6665,1.0,1.0
0.3696,0.3608,0.4,0.3333,0.0,1.0,1.0,1.0,0.0,0.0,0.0,1.0,0.0
0.3635,0.1409,0.6,0.0,0.3333,1.0,1.0,0.0,0.0,1.0,0.0,0.0,0.5
0.3635,0.328,0.4,0.0,0.0,1.0,0.0,1.0,0.0,1.0,0.0,1.0,0.5
0.3635,0.3691,0.4,0.0,0.0,1.0,0.0,1.0,0.0,1.0,0.6665,1.0,1.0
0.3635,0.3362,0.4,0.0,0.0,1.0,1.0,1.0,0.0,0.0,0.6665,1.0,0.5
0.3635,0.3835,0.4,0.0,0.3333,1.0,1.0,1.0,0.0,1.0,0.0,1.0,1.0
0.3635,0.3164,0.6,0.3333,0.0,1.0,0.0,1.0,0.0,0.0,0.3333,1.0,1.0
0.3635,0.3896,0.6,0.3333,0.3333,1.0,0.0,0.0,0.0,0.0,0.0,0.0,0.5
0.3635,0.335,0.4,0.3333,1.0,1.0,0.0,0.0,0.0,0.0,0.3333,0.0,0.5
0.363,0.959,0.4,0.0,0.0,1.0,0.0,0.0,0.0,1.0,0.6665,0.0,1.0
0.3577,0.3787,0.4,0.0,0.0,1.0,0.0,1.0,0.0,0.0,0.6665,1.0,0.0
0.3577,0.3333,0.4,0.3333,0.6665,1.0,0.0,0.0,0.0,1.0,0.0,0.0,0.0
0.357,0.2646,0.4,0.0,0.6665,1.0,1.0,0.0,0.0,1.0,0.3333,0.0,0.5
0.357,0.6743,0.4,0.0,0.6665,1.0,0.0,0.0,0.0,0.0,0.6665,1.0,1.0
0.3564,0.2166,0.4,0.0,0.0,1.0,1.0,1.0,0.0,0.0,0.0,0.0,0.0
0.3516,0.287,0.6,0.0,1.0,1.0,1.0,0.0,0.0,0.0,0.0,0.0,1.0
0.3516,0.244,0.4,0.0,0.6665,1.0,0.0,0.0,0.0,1.0,0.0,0.0,1.0
0.3516,0.2166,0.4,0.0,0.6665,1.0,0.0,0.0,0.0,1.0,0.0,0.0,0.0
0.3508,0.3677,0.4,0.0,0.0,1.0,0.0,1.0,0.0,0.0,0.6665,1.0,1.0
0.3484,0.299,0.4,0.3333,1.0,1.0,0.0,0.0,0.0,1.0,0.0,0.0,0.0
0.3455,0.2578,0.6,0.3333,0.3333,1.0,0.0,0.0,0.0,1.0,0.6665,0.0,0.0
0.3455,0.2054,0.6,0.0,0.3333,1.0,0.0,0.0,0.0,0.0,0.3333,0.0,1.0
0.3455,0.2302,0.4,0.0,0.6665,1.0,0.0,0.0,0.0,1.0,0.0,0.0,1.0
0.3455,0.3237,0.4,0.0,0.0,1.0,1.0,1.0,0.0,1.0,0.6665,1.0,0.5
0.3455,0.2852,0.4,0.3333,1.0,1.0,0.0,0.0,0.0,1.0,0.0,0.0,0.0
0.338,0.3442,0.6,0.3333,0.3333,1.0,1.0,1.0,0.0,0.0,0.3333,1.0,1.0
0.3333,0.6084,0.6,0.3333,0.3333,1.0,0.0,0.0,0.0,0.0,0.3333,0.0,1.0
0.3333,0.2166,0.8,0.3333,0.6665,0.0,0.0,1.0,1.0,0.0,0.0,0.0,0.0
0.3333,0.2096,0.6,0.0,0.3333,1.0,1.0,1.0,0.0,1.0,0.3333,0.0,0.5
0.3333,0.2302,0.4,0.0,1.0,1.0,0.0,0.0,0.0,0.0,0.0,0.0,0.5
0.3333,0.6084,0.2,0.0,0.0,1.0,0.0,0.0,0.0,0.0,0.3333,0.0,1.0
0.3333,0.2646,0.4,0.3333,0.3333,1.0,0.0,0.0,0.0,0.0,0.3333,0.0,1.0
0.3333,0.3237,0.4,0.0,0.6665,1.0,0.0,0.0,0.0,0.0,0.0,1.0,1.0
0.3333,0.34,0.6,0.3333,0.0,1.0,0.0,1.0,0.0,0.0,0.0,1.0,1.0
0.3333,0.2396,0.4,0.0,0.3333,1.0,1.0,1.0,0.0,1.0,0.0,1.0,0.0
0.3303,0.189,0.6,0.0,0.3333,1.0,0.0,0.0,0.0,1.0,0.6665,1.0,1.0
0.3303,0.2578,0.8,0.0,0.3333,1.0,1.0,1.0,0.0,1.0,0.0,1.0,0.5
0.3274,0.1134,0.4,0.6665,0.3333,1.0,0.0,1.0,0.0,0.0,0.0,0.0,1.0
0.3274,0.1375,0.4,0.3333,0.3333,1.0,0.0,0.0,0.0,0.0,0.6665,0.0,1.0
0.3274,0.306,0.4,0.3333,0.0,1.0,0.0,1.0,0.0,0.0,0.6665,1.0,0.5
0.3267,0.3608,0.4,0.0,0.0,1.0,1.0,1.0,0.0,0.0,0.0,1.0,1.0
0.3242,0.0802,0.6,0.3333,0.3333,0.0,1.0,1.0,0.0,0.0,0.3333,0.0,0.5
0.3242,0.435,0.4,0.0,0.0,1.0,0.0,0.0,0.0,0.0,0.6665,0.0,1.0
0.3213,0.1031,0.4,0.3333,0.0,1.0,1.0,1.0,0.0,1.0,0.0,0.0,0.5
0.3213,0.3135,0.6,0.0,1.0,1.0,1.0,0.0,0.0,1.0,0.0,0.0,0.5
0.3213,0.306,0.4,0.0,0.6665,1.0,1.0,0.0,0.0,1.0,0.0,1.0,1.0
0.3213,0.34,0.6,0.3333,0.3333,1.0,1.0,1.0,0.0,0.0,0.0,1.0,1.0
0.318,0.3557,0.4,0.0,0.0,1.0,1.0,1.0,0.0,1.0,0.0,1.0,1.0
0.3152,0.3477,0.4,0.3333,0.3333,1.0,1.0,1.0,0.0,0.0,0.3333,1.0,0.5
0.3145,0.3298,0.4,0.3333,0.0,1.0,1.0,1.0,1.0,0.0,0.0,0.0,0.0
0.309,0.4226,0.4,0.0,0.0,1.0,0.0,1.0,0.0,1.0,0.6665,1.0,0.0
0.3062,0.2028,0.2,0.3333,0.0,1.0,0.0,0.0,0.0,1.0,0.6665,0.0,1.0
0.303,0.1793,0.6,0.0,0.3333,1.0,0.0,1.0,0.0,1.0,0.0,0.0,0.5
0.303,0.3362,0.6,0.3333,0.3333,0.0,0.0,0.0,0.0,1.0,0.0,0.0,1.0
0.303,0.2646,0.4,0.3333,0.0,1.0,0.0,1.0,0.0,0.0,0.0,0.0,1.0
0.303,0.5923,0.4,0.0,0.0,1.0,0.0,0.0,0.0,0.0,0.3333,1.0,1.0
0.303,0.4639,0.4,0.0,0.3333,1.0,1.0,1.0,0.0,1.0,0.6665,1.0,0.0
0.303,0.251,0.6,0.3333,0.0,1.0,0.0,0.0,0.0,1.0,0.0,1.0,0.0
0.303,0.1478,0.4,0.0,0.3333,1.0,1.0,1.0,0.0,0.0,0.3333,1.0,0.0
0.303,0.56,0.6,0.3333,0.3333,1.0,1.0,0.0,0.0,0.0,0.6665,0.0,1.0
0.303,0.4722,0.4,0.0,0.0,1.0,0.0,0.0,0.0,1.0,0.6665,0.0,0.5
0.3025,0.3025,0.4,0.0,0.0,1.0,0.0,1.0,0.0,0.0,0.0,1.0,1.0
0.3013,0.3735,0.4,0.0,0.0,1.0,1.0,1.0,0.0,0.0,0.6665,1.0,1.0
0.3,0.10516,0.4,0.3333,0.3333,1.0,0.0,0.0,0.0,0.0,0.6665,0.0,1.0
0.3,0.1959,0.6,0.3333,0.0,0.0,0.0,1.0,0.0,1.0,0.6665,0.0,1.0
0.3,0.3813,0.4,0.0,0.3333,1.0,1.0,1.0,0.0,0.0,0.3333,1.0,0.5
0.294,0.121,0.4,0.0,0.3333,0.0,0.0,0.0,0.0,1.0,0.0,0.0,1.0
0.294,0.435,0.4,0.0,0.0,1.0,0.0,0.0,0.0,0.0,0.3333,1.0,1.0
0.291,0.0928,0.4,0.3333,0.3333,1.0,1.0,1.0,0.0,0.0,0.0,0.0,0.5
0.291,0.0928,0.4,0.0,0.3333,1.0,0.0,1.0,0.0,0.0,0.0,0.0,0.0
0.291,0.671,0.2,0.0,0.3333,1.0,0.0,0.0,0.0,0.0,0.0,1.0,0.5
0.291,0.306,0.4,0.0,0.0,1.0,0.0,1.0,0.0,1.0,0.0,1.0,1.0
0.2878,0.2798,0.2,0.0,0.3333,1.0,0.0,0.0,0.0,1.0,0.0,1.0,0.0
0.285,0.1299,0.2,0.0,0.0,0.0,1.0,1.0,0.0,0.0,0.0,0.0,1.0
0.285,0.409,0.6,0.0,0.3333,1.0,0.0,0.0,0.0,1.0,0.6665,0.0,0.5
0.285,0.622,0.4,0.0,0.3333,1.0,1.0,1.0,0.0,0.0,0.0,0.0,1.0
0.285,0.34,0.4,0.0,0.0,1.0,1.0,1.0,0.0,0.0,0.0,1.0,0.5
0.2842,0.2166,0.2,0.0,0.0,1.0,1.0,1.0,0.0,0.0,0.0,0.0,1.0
0.2817,0.4468,0.4,0.3333,0.0,1.0,1.0,1.0,0.0,0.0,0.0,0.0,1.0
0.2788,0.1897,0.6,0.6665,0.3333,1.0,0.0,1.0,0.0,0.0,0.6665,0.0,1.0
0.2788,0.4148,0.4,0.0,0.0,1.0,1.0,1.0,1.0,0.0,0.0,0.0,1.0
0.2776,0.07904,0.4,0.3333,0.3333,0.0,0.0,1.0,0.0,1.0,0.3333,0.0,1.0
0.276,0.2954,0.4,0.0,0.3333,1.0,0.0,0.0,0.0,1.0,0.0,0.0,1.0
0.2734,0.1753,0.4,0.0,0.3333,1.0,0.0,0.0,0.0,0.0,0.3333,0.0,0.5
0.2727,0.1973,0.4,0.0,0.3333,1.0,0.0,1.0,0.0,1.0,0.0,0.0,1.0
0.2727,0.1681,0.4,0.0,0.3333,0.0,1.0,1.0,0.0,1.0,0.0,0.0,1.0
0.2727,0.1698,0.2,0.0,0.0,1.0,0.0,1.0,0.0,0.0,0.3333,0.0,1.0
0.2727,0.2578,0.6,0.0,0.3333,1.0,0.0,0.0,0.0,0.0,0.0,0.0,1.0
0.2727,0.2145,0.4,0.0,0.0,1.0,1.0,1.0,0.0,0.0,0.0,0.0,1.0
0.2727,0.3196,0.4,0.0,0.0,1.0,0.0,0.0,0.0,1.0,0.6665,0.0,1.0
0.2727,0.2852,0.2,0.0,0.0,1.0,1.0,1.0,0.0,1.0,0.0,0.0,1.0
0.2727,0.0928,0.4,0.0,0.3333,1.0,0.0,1.0,0.0,1.0,0.0,0.0,1.0
0.2727,0.0907,0.4,0.0,0.6665,1.0,0.0,0.0,0.0,0.0,0.0,0.0,1.0
0.2727,0.3484,0.4,0.0,0.0,1.0,0.0,0.0,0.0,0.0,0.0,0.0,0.0
0.2727,0.2059,0.4,0.0,0.3333,1.0,1.0,1.0,0.0,0.0,0.6665,0.0,1.0
0.2727,0.7734,0.4,0.0,0.0,1.0,0.0,0.0,0.0,0.0,0.6665,0.0,0.5
0.2722,0.12164,0.6,0.3333,0.3333,1.0,0.0,1.0,0.0,1.0,0.6665,0.0,1.0
0.2722,0.2299,0.6,0.3333,0.0,1.0,0.0,1.0,0.0,0.0,0.0,0.0,1.0
0.2698,0.1855,0.2,0.0,0.0,1.0,0.0,1.0,0.0,0.0,0.0,0.0,0.0
0.2666,0.1725,0.4,0.0,0.6665,1.0,0.0,0.0,0.0,0.0,0.0,0.0,0.0
0.2666,0.3018,0.4,0.0,0.0,1.0,0.0,0.0,0.0,0.0,0.6665,1.0,1.0
0.2666,0.3582,0.4,0.0,0.3333,1.0,0.0,0.0,0.0,1.0,0.6665,1.0,0.5
0.2666,0.2175,0.2,0.0,0.0,1.0,0.0,0.0,0.0,1.0,0.0,1.0,1.0
0.2637,0.3677,0.4,0.0,0.3333,1.0,0.0,1.0,0.0,0.0,0.0,0.0,0.0
0.2637,0.4434,0.6,0.0,1.0,1.0,0.0,1.0,0.0,1.0,0.6665,0.0,1.0
0.2612,0.12164,0.6,0.3333,0.3333,1.0,0.0,0.0,0.0,0.0,0.0,0.0,1.0
0.2605,0.5166,0.2,0.0,0.0,1.0,0.0,1.0,0.0,1.0,0.6665,0.0,1.0
0.2605,0.321,0.4,0.0,0.3333,1.0,0.0,1.0,0.0,1.0,0.3333,0.0,0.5
0.2605,0.5903,0.2,0.0,0.0,1.0,0.0,0.0,0.0,1.0,0.6665,1.0,0.0
0.26,0.329,0.2,0.0,0.0,1.0,0.0,0.0,0.0,1.0,1.0,0.0,1.0
0.2546,0.242,0.4,0.0,1.0,1.0,0.0,0.0,0.0,1.0,0.0,0.0,1.0
0.2546,0.299,0.2,0.0,0.0,1.0,0.0,1.0,0.0,1.0,0.3333,0.0,0.5
0.2546,0.1361,0.4,0.0,0.3333,1.0,0.0,0.0,0.0,0.0,0.6665,0.0,1.0
0.2546,0.551,0.6,0.3333,0.3333,1.0,1.0,1.0,0.0,0.0,0.3333,0.0,1.0
0.2546,0.2578,0.2,0.0,0.3333,1.0,0.0,0.0,0.0,0.0,0.0,1.0,1.0
0.2546,0.1835,0.4,0.0,0.0,1.0,0.0,0.0,0.0,0.0,0.0,1.0,1.0
0.2515,0.144,0.4,0.0,0.3333,1.0,0.0,1.0,0.0,0.0,0.0,0.0,0.5
0.2485,0.1725,0.4,0.0,0.0,1.0,1.0,1.0,0.0,1.0,0.0,0.0,0.0
0.2485,0.1533,0.4,0.3333,0.3333,1.0,0.0,1.0,0.0,0.0,0.6665,0.0,1.0
0.2485,0.2769,0.4,0.0,0.3333,1.0,1.0,0.0,0.0,1.0,0.3333,0.0,1.0
0.2485,0.08386,0.2,0.0,0.3333,1.0,1.0,1.0,0.0,0.0,0.0,1.0,1.0
0.2485,0.231,0.4,0.0,0.3333,1.0,0.0,1.0,0.0,0.0,0.0,0.0,1.0
0.2479,0.1965,0.6,0.3333,0.3333,1.0,0.0,1.0,0.0,0.0,0.0,0.0,1.0
0.2455,0.1615,0.4,0.0,0.3333,1.0,0.0,0.0,0.0,0.0,0.3333,0.0,0.5
0.2455,0.1505,0.4,0.0,0.3333,1.0,0.0,0.0,0.0,0.0,0.3333,1.0,1.0
0.2424,0.145,0.4,0.0,0.0,1.0,0.0,0.0,0.0,0.0,0.6665,0.0,1.0
0.2424,0.1367,0.4,0.0,0.3333,1.0,0.0,0.0,0.0,1.0,0.0,0.0,0.5
0.2424,0.06186,0.4,0.0,0.3333,1.0,0.0,1.0,0.0,0.0,0.0,0.0,0.5
0.2424,0.2522,0.4,0.0,0.3333,1.0,1.0,1.0,0.0,0.0,0.0,1.0,1.0
0.2424,0.255,0.4,0.0,0.3333,1.0,0.0,0.0,0.0,0.0,0.6665,1.0,0.0
0.2424,0.1285,0.4,0.0,0.0,1.0,0.0,0.0,0.0,0.0,0.0,1.0,1.0
0.2424,0.4639,0.6,0.0,1.0,1.0,0.0,0.0,0.0,0.0,1.0,0.0,0.0
0.2418,0.1683,0.2,0.3333,0.0,1.0,1.0,1.0,0.0,0.0,0.0,0.0,1.0
0.2418,0.2296,0.6,0.3333,0.3333,1.0,1.0,1.0,0.0,0.0,0.0,1.0,0.5
0.2394,0.1278,0.4,0.0,0.6665,1.0,0.0,0.0,0.0,0.0,0.0,0.0,1.0
0.2394,0.1237,0.4,0.0,0.3333,1.0,0.0,1.0,0.0,0.0,0.3333,0.0,1.0
0.2394,0.5645,0.4,0.0,0.0,1.0,0.0,0.0,0.0,0.0,0.0,0.0,1.0
0.2394,0.1285,0.2,0.0,0.3333,1.0,0.0,0.0,0.0,0.0,0.0,1.0,0.5
0.2363,0.1965,0.6,0.0,0.3333,1.0,0.0,0.0,0.0,1.0,0.6665,0.0,1.0
0.2363,0.291,0.2,0.0,0.0,1.0,0.0,0.0,0.0,1.0,0.3333,0.0,0.0
0.2363,0.1615,0.4,0.0,0.3333,1.0,0.0,0.0,0.0,0.0,0.6665,0.0,0.5
0.2363,0.4536,0.4,0.0,0.0,1.0,0.0,0.0,0.0,0.0,0.0,0.0,0.5
0.2363,0.1643,0.4,0.0,0.3333,1.0,0.0,0.0,0.0,0.0,0.3333,0.0,1.0
0.2357,0.3237,0.2,0.0,0.0,1.0,0.0,1.0,0.0,1.0,0.3333,0.0,0.5
0.2357,0.10394,0.4,0.0,0.3333,1.0,0.0,0.0,0.0,1.0,0.3333,0.0,0.5
0.2357,0.1278,0.4,0.0,0.3333,1.0,0.0,0.0,0.0,0.0,0.0,0.0,1.0
0.2333,0.1443,0.2,0.0,0.0,1.0,1.0,1.0,0.0,0.0,0.0,0.0,1.0
0.2303,0.1593,0.4,0.0,0.3333,0.0,0.0,0.0,0.0,0.0,0.0,0.0,1.0
0.2303,0.2234,0.2,0.0,0.3333,1.0,0.0,1.0,0.0,0.0,0.0,0.0,1.0
0.2297,0.08453,0.4,0.0,0.3333,1.0,0.0,0.0,0.0,0.0,0.0,1.0,1.0
0.2297,0.222,0.4,0.0,0.0,1.0,0.0,0.0,0.0,0.0,0.6665,1.0,0.0
0.2297,0.2247,0.4,0.0,0.3333,1.0,0.0,0.0,0.0,0.0,0.3333,0.0,1.0
0.2279,0.2268,0.6,0.0,0.3333,1.0,0.0,0.0,0.0,1.0,0.0,0.0,1.0
0.2273,0.1547,0.4,0.0,0.3333,1.0,0.0,0.0,0.0,0.0,0.0,0.0,0.0
0.2242,0.1959,0.4,0.3333,0.6665,1.0,0.0,0.0,1.0,0.0,0.3333,0.0,0.5
0.2242,0.01753,0.8,0.0,0.3333,0.0,0.0,1.0,0.0,0.0,0.0,0.0,1.0
0.2242,0.1666,0.4,0.0,0.0,1.0,1.0,1.0,0.0,0.0,0.6665,0.0,1.0
0.2242,0.1272,0.6,0.0,0.3333,1.0,0.0,0.0,0.0,0.0,0.6665,0.0,0.5
0.2242,0.3298,0.6,0.0,0.3333,1.0,0.0,0.0,0.0,0.0,0.0,0.0,1.0
0.2224,0.1637,0.2,0.0,0.0,1.0,0.0,1.0,0.0,0.0,0.0,0.0,0.5
0.2212,0.189,0.2,0.0,0.0,1.0,0.0,0.0,0.0,0.0,0.3333,0.0,1.0
0.2212,0.5986,0.2,0.0,0.0,1.0,0.0,0.0,0.0,0.0,0.3333,1.0,1.0
0.2188,0.1203,0.4,0.0,0.3333,1.0,0.0,1.0,0.0,0.0,0.6665,1.0,1.0
0.2181,0.3237,0.2,0.0,0.0,1.0,0.0,0.0,0.0,0.0,0.0,0.0,0.5
0.2181,0.3237,0.2,0.0,0.3333,1.0,0.0,0.0,0.0,0.0,0.0,0.0,0.0
0.2181,0.1959,0.2,0.0,0.0,1.0,0.0,0.0,0.0,1.0,0.6665,0.0,0.5
0.2181,0.03607,0.4,0.0,0.3333,0.0,1.0,1.0,0.0,1.0,0.0,0.0,0.0
0.2181,0.1863,0.6,0.0,0.3333,1.0,0.0,0.0,0.0,0.0,0.0,0.0,0.5
0.2181,0.4207,0.2,0.0,0.0,1.0,0.0,0.0,0.0,0.0,0.3333,0.0,0.5
0.2152,0.3438,0.4,0.0,0.3333,1.0,1.0,0.0,0.0,0.0,0.0,0.0,1.0
0.2152,0.0781,0.4,0.0,0.0,1.0,0.0,1.0,0.0,0.0,0.0,1.0,0.5
0.2122,0.2646,0.4,0.0,0.3333,1.0,0.0,0.0,0.0,1.0,0.0,0.0,0.0
0.2122,0.233,0.4,0.0,0.3333,1.0,0.0,1.0,0.0,1.0,0.0,0.0,0.0
0.2122,0.2886,0.2,0.0,0.0,1.0,1.0,1.0,0.0,0.0,0.6665,0.0,1.0
0.2122,0.066,0.6,0.6665,0.3333,0.0,0.0,0.0,0.0,0.0,0.0,0.0,1.0
0.2122,0.08954,0.4,0.0,0.3333,1.0,0.0,1.0,0.0,1.0,0.0,0.0,0.0
0.2122,0.0754,0.6,0.3333,0.3333,0.0,0.0,0.0,0.0,0.0,0.0,0.0,1.0
0.2122,0.1897,0.2,0.0,0.0,0.0,0.0,0.0,0.0,0.0,0.3333,0.0,0.0
0.2122,0.1615,0.6,0.3333,0.3333,0.0,0.0,0.0,0.0,0.0,0.0,0.0,1.0
0.2122,0.0464,0.4,0.0,0.3333,0.0,0.0,0.0,0.0,0.0,0.0,0.0,1.0
0.2122,0.2028,0.4,0.3333,0.3333,1.0,0.0,0.0,0.0,1.0,0.3333,0.0,1.0
0.2122,0.1367,0.4,0.3333,0.3333,1.0,0.0,1.0,0.0,0.0,0.0,0.0,0.0
0.2122,0.2852,0.4,0.0,0.0,1.0,0.0,0.0,1.0,0.0,0.6665,0.0,1.0
0.2122,0.3677,0.4,0.0,0.0,1.0,0.0,0.0,0.0,0.0,1.0,0.0,0.5
0.2122,0.167,0.4,0.0,0.6665,1.0,0.0,0.0,0.0,0.0,0.0,0.0,1.0
0.2122,0.1285,0.4,0.0,0.3333,1.0,0.0,0.0,0.0,0.0,0.0,1.0,1.0
0.2122,0.03403,0.4,0.0,0.6665,1.0,0.0,0.0,0.0,0.0,0.3333,1.0,0.0
0.2122,0.1959,0.4,0.0,0.0,1.0,0.0,1.0,0.0,0.0,0.0,0.0,0.5
0.2115,0.4536,0.4,0.0,0.0,1.0,0.0,1.0,0.0,0.0,1.0,0.0,1.0
0.2115,0.1237,0.4,0.0,0.3333,1.0,0.0,0.0,0.0,0.0,0.3333,0.0,1.0
0.2091,0.2192,0.4,0.0,0.3333,1.0,0.0,0.0,0.0,0.0,0.3333,0.0,1.0
0.2091,0.167,0.4,0.0,0.3333,1.0,0.0,0.0,0.0,0.0,0.6665,0.0,1.0
0.2091,0.1647,0.4,0.0,0.3333,1.0,0.0,1.0,0.0,0.0,0.3333,0.0,1.0
0.206,0.205,0.6,0.0,0.3333,1.0,0.0,0.0,0.0,1.0,0.0,0.0,1.0
0.206,0.2979,0.4,0.0,0.0,1.0,0.0,1.0,0.0,0.0,0.0,0.0,1.0
0.2054,0.303,0.2,0.0,0.0,1.0,0.0,1.0,0.0,0.0,0.3333,0.0,1.0
0.2034,0.134,0.4,0.0,0.0,1.0,0.0,1.0,0.0,1.0,0.0,1.0,0.5
0.203,0.1395,0.4,0.3333,0.3333,1.0,0.0,0.0,0.0,0.0,0.0,0.0,1.0
0.203,0.1643,0.2,0.0,0.3333,1.0,0.0,0.0,0.0,0.0,0.3333,0.0,1.0
0.203,0.2715,0.2,0.0,0.0,1.0,0.0,0.0,0.0,1.0,0.0,0.0,1.0
0.2,0.292,0.6,0.3333,0.3333,0.0,0.0,1.0,0.0,0.0,0.3333,0.0,0.0
0.2,0.2297,0.4,0.3333,0.3333,1.0,0.0,0.0,0.0,0.0,0.6665,0.0,0.0
0.2,0.1849,0.4,0.0,0.0,1.0,0.0,0.0,0.0,0.0,0.0,0.0,1.0
0.2,0.0928,0.6,0.0,0.6665,1.0,0.0,1.0,0.0,1.0,0.6665,0.0,1.0
0.2,0.1835,0.4,0.0,0.3333,1.0,0.0,0.0,0.0,0.0,0.6665,1.0,0.5
0.197,0.1361,0.4,0.3333,0.3333,1.0,0.0,0.0,1.0,0.0,0.6665,0.0,1.0
0.197,0.1244,0.4,0.3333,0.0,1.0,0.0,1.0,0.0,1.0,0.3333,0.0,0.5
0.197,0.2578,0.4,0.0,0.0,1.0,0.0,0.0,0.0,0.0,1.0,0.0,1.0
0.1954,0.1959,0.4,0.0,0.3333,0.0,0.0,1.0,0.0,1.0,0.0,0.0,1.0
0.1954,0.1244,0.6,0.0,0.3333,1.0,0.0,0.0,0.0,1.0,0.0,0.0,1.0
0.194,0.1683,0.6,0.0,0.0,0.0,0.0,1.0,0.0,0.0,0.0,0.0,0.0
0.194,0.332,0.4,0.0,0.3333,0.0,0.0,0.0,0.0,1.0,0.3333,0.0,1.0
0.194,0.1959,0.4,0.3333,0.3333,0.0,0.0,1.0,0.0,1.0,0.0,0.0,1.0
0.194,0.1588,0.4,0.0,0.3333,1.0,0.0,0.0,0.0,0.0,0.0,0.0,0.5
0.194,0.1649,0.2,0.0,0.3333,1.0,1.0,1.0,0.0,0.0,0.0,1.0,0.0
0.1879,0.3855,0.4,0.3333,0.0,1.0,1.0,1.0,0.0,0.0,1.0,0.0,0.5
0.1879,0.2646,0.6,0.0,0.3333,1.0,1.0,1.0,0.0,0.0,0.0,0.0,1.0
0.1879,0.0928,0.4,0.0,0.3333,1.0,0.0,0.0,0.0,0.0,0.0,0.0,1.0
0.1879,0.11273,0.2,0.0,0.0,1.0,0.0,0.0,1.0,0.0,0.3333,0.0,0.5
0.1879,0.1489,0.2,0.0,0.0,1.0,0.0,1.0,0.0,1.0,0.6665,0.0,0.5
0.1879,0.442,0.4,0.0,0.0,1.0,0.0,0.0,0.0,1.0,0.6665,0.0,1.0
0.1879,0.03403,0.6,0.3333,0.0,1.0,0.0,1.0,0.0,0.0,0.0,1.0,0.0
0.1848,0.1464,0.2,0.0,0.3333,1.0,1.0,1.0,0.0,0.0,0.0,0.0,1.0
0.1848,0.10516,0.6,0.3333,0.3333,1.0,0.0,0.0,0.0,0.0,0.0,0.0,0.5
0.1818,0.251,0.8,0.3333,0.3333,1.0,0.0,0.0,0.0,0.0,0.0,0.0,1.0
0.1818,0.10516,0.2,0.3333,0.0,1.0,0.0,1.0,0.0,0.0,0.6665,0.0,1.0
0.1818,0.3782,0.4,0.0,0.3333,1.0,0.0,0.0,0.0,1.0,0.0,0.0,0.5
0.1818,0.167,0.2,0.0,0.0,1.0,0.0,0.0,0.0,0.0,0.0,0.0,1.0
0.1818,0.1512,0.2,0.0,0.0,1.0,0.0,0.0,0.0,0.0,0.0,0.0,1.0
0.1818,0.02509,0.4,0.0,0.3333,1.0,0.0,1.0,0.0,0.0,0.0,1.0,1.0
0.1818,0.03616,0.2,0.0,0.3333,1.0,1.0,0.0,0.0,0.0,0.0,1.0,1.0
0.1807,0.1168,0.4,0.0,0.3333,1.0,0.0,0.0,0.0,0.0,0.0,0.0,0.0
0.1788,0.1031,0.2,0.3333,0.0,0.0,0.0,1.0,0.0,0.0,0.0,0.0,1.0
0.1758,0.2179,0.4,0.0,0.3333,1.0,0.0,0.0,0.0,0.0,0.0,0.0,1.0
0.1758,0.12164,0.2,0.0,0.3333,1.0,0.0,0.0,1.0,0.0,0.3333,0.0,1.0
0.1758,0.134,0.2,0.0,0.0,1.0,0.0,0.0,0.0,0.0,0.0,0.0,1.0
0.1758,0.2874,0.2,0.0,0.0,1.0,0.0,0.0,0.0,0.0,0.6665,0.0,0.0
0.1758,0.0829,0.4,0.0,0.6665,1.0,0.0,0.0,0.0,0.0,0.0,1.0,0.5
0.1758,0.4639,0.2,0.0,0.0,1.0,0.0,0.0,0.0,0.0,0.3333,0.0,0.5
0.1752,0.4536,0.4,0.0,0.0,1.0,0.0,0.0,0.0,0.0,0.6665,0.0,0.5
0.1752,0.05978,0.8,0.3333,0.0,0.0,0.0,1.0,0.0,1.0,0.3333,0.0,0.5
0.1752,0.3628,0.6,0.0,0.3333,0.0,0.0,0.0,0.0,0.0,0.3333,0.0,0.5
0.1727,0.1257,0.2,0.0,0.0,1.0,0.0,0.0,0.0,0.0,0.0,1.0,1.0
0.1697,0.134,0.4,0.0,0.0,1.0,0.0,0.0,0.0,0.0,0.3333,0.0,0.0
0.1697,0.1643,0.2,0.0,0.0,1.0,0.0,0.0,0.0,0.0,0.0,0.0,1.0
0.1697,0.3003,0.4,0.0,0.0,1.0,0.0,0.0,0.0,0.0,0.0,0.0,1.0
0.1697,0.1649,0.2,0.0,0.0,1.0,0.0,0.0,0.0,0.0,0.0,0.0,0.5
0.1697,0.1329,0.2,0.0,0.0,1.0,0.0,0.0,1.0,0.0,0.0,0.0,1.0
0.1691,0.101,0.4,0.0,0.3333,0.0,0.0,1.0,1.0,0.0,0.0,0.0,1.0
0.1691,0.2612,0.2,0.0,0.0,1.0,0.0,0.0,0.0,0.0,0.0,0.0,0.5
0.1666,0.1361,0.2,0.0,0.0,1.0,0.0,1.0,0.0,0.0,0.0,0.0,0.5
0.1666,0.1361,0.2,0.0,0.0,1.0,0.0,0.0,0.0,1.0,0.0,0.0,0.0
0.1666,0.2742,0.2,0.0,0.0,0.0,0.0,0.0,0.0,0.0,0.0,0.0,1.0
0.1666,0.134,0.2,0.0,0.0,1.0,0.0,0.0,0.0,0.0,0.0,0.0,0.5
0.1637,0.1808,0.2,0.0,0.0,1.0,0.0,0.0,0.0,1.0,0.6665,0.0,1.0
0.1637,0.132,0.4,0.0,0.3333,1.0,0.0,1.0,0.0,0.0,0.0,0.0,1.0
0.1637,0.10516,0.4,0.0,0.3333,0.0,0.0,1.0,0.0,0.0,0.0,0.0,1.0
0.1637,0.0928,0.2,0.0,0.3333,1.0,0.0,0.0,0.0,1.0,0.0,0.0,0.5
0.1637,0.1285,0.2,0.3333,0.0,1.0,0.0,1.0,0.0,0.0,0.0,0.0,1.0
0.1637,0.2961,0.4,0.0,0.3333,1.0,1.0,1.0,0.0,0.0,0.0,0.0,0.0
0.1637,0.1704,0.4,0.3333,0.3333,1.0,0.0,0.0,0.0,0.0,0.6665,0.0,1.0
0.1637,0.08246,0.4,0.3333,0.3333,0.0,0.0,1.0,0.0,0.0,0.0,1.0,0.0
0.1637,0.04297,0.4,0.0,0.6665,1.0,0.0,0.0,1.0,1.0,0.0,1.0,1.0
0.1631,0.1285,0.4,0.0,0.0,1.0,0.0,0.0,0.0,0.0,0.6665,1.0,0.0
0.1606,0.1959,0.2,0.0,0.0,1.0,0.0,0.0,0.0,0.0,0.0,0.0,1.0
0.1606,0.1615,0.2,0.0,0.0,1.0,0.0,0.0,0.0,0.0,0.0,1.0,1.0
0.1576,0.1031,0.4,0.0,0.3333,1.0,0.0,1.0,0.0,0.0,0.0,0.0,0.5
0.1576,0.1959,0.6,0.3333,0.3333,1.0,0.0,1.0,0.0,0.0,0.6665,0.0,0.5
0.1576,0.1959,0.2,0.0,0.0,0.0,0.0,0.0,0.0,0.0,0.0,0.0,0.5
0.1576,0.1367,0.2,0.0,0.0,1.0,0.0,0.0,0.0,0.0,0.0,0.0,0.0
0.1545,0.1512,0.4,0.0,0.0,1.0,0.0,0.0,0.0,0.0,0.6665,0.0,0.0
0.1515,0.178,0.4,0.0,0.3333,1.0,0.0,0.0,0.0,1.0,0.0,0.0,1.0
0.1515,0.1375,0.4,0.0,0.3333,1.0,0.0,0.0,0.0,0.0,0.0,0.0,0.0
0.1515,0.2028,0.6,0.0,0.3333,1.0,0.0,0.0,0.0,0.0,0.0,0.0,1.0
0.1515,0.03333,0.4,0.3333,0.3333,0.0,0.0,0.0,0.0,0.0,0.0,0.0,0.0
0.1515,0.0953,0.4,0.0,0.3333,1.0,0.0,1.0,0.0,0.0,0.0,0.0,1.0
0.1515,0.1608,0.4,0.0,0.3333,1.0,0.0,0.0,0.0,0.0,0.0,0.0,1.0
0.1515,0.3967,0.4,0.0,0.0,0.0,0.0,0.0,0.0,0.0,0.0,0.0,0.0
0.1515,0.1257,0.4,0.0,0.0,0.0,0.0,0.0,0.0,1.0,0.0,0.0,0.0
0.1515,0.134,1.0,0.0,0.3333,1.0,0.0,0.0,0.0,0.0,0.3333,0.0,0.0
0.1515,0.1367,0.2,0.0,0.0,1.0,0.0,0.0,0.0,0.0,0.3333,0.0,1.0
0.1515,0.292,0.2,0.0,0.0,1.0,0.0,0.0,0.0,0.0,0.3333,0.0,0.5
0.1515,0.101,0.4,0.0,0.3333,1.0,0.0,0.0,0.0,0.0,0.3333,0.0,0.0
0.1515,0.3918,0.2,0.0,0.0,1.0,0.0,0.0,0.0,0.0,0.3333,0.0,1.0
0.1515,0.1279,0.2,0.0,0.0,1.0,0.0,0.0,0.0,0.0,0.3333,1.0,0.0
0.1515,0.5396,0.4,0.0,0.3333,1.0,0.0,0.0,0.0,0.0,1.0,1.0,0.0
0.1515,0.2908,0.2,0.0,0.0,1.0,0.0,0.0,0.0,0.0,0.0,0.0,0.0
0.1515,0.7764,0.4,0.0,0.0,1.0,0.0,0.0,0.0,0.0,0.0,0.0,0.0
0.1509,0.2234,0.4,0.0,0.3333,0.0,0.0,0.0,0.0,0.0,0.0,0.0,0.0
0.1484,0.0969,0.4,0.0,0.0,1.0,0.0,0.0,0.0,0.0,0.0,0.0,0.0
0.1484,0.2522,0.2,0.0,0.0,1.0,0.0,0.0,0.0,0.0,0.3333,1.0,0.0
0.1484,0.03403,0.4,0.0,0.6665,1.0,0.0,0.0,0.0,0.0,0.0,1.0,0.5
0.1455,0.1615,0.2,0.0,0.0,1.0,0.0,0.0,0.0,0.0,0.0,0.0,0.0
0.1455,0.10547,0.2,0.0,0.0,1.0,0.0,0.0,0.0,0.0,0.6665,0.0,0.0
0.1455,0.1512,0.4,0.0,0.0,1.0,0.0,0.0,0.0,0.0,0.0,0.0,0.0
0.1455,0.03403,0.4,0.0,0.6665,1.0,0.0,0.0,0.0,0.0,0.0,1.0,0.5
0.1455,0.066,0.4,0.0,0.3333,1.0,0.0,1.0,0.0,0.0,0.0,1.0,0.0
0.1455,0.02061,0.4,0.3333,0.3333,1.0,0.0,1.0,0.0,0.0,0.0,1.0,0.0
0.1449,0.1643,0.2,0.0,0.0,1.0,0.0,0.0,0.0,0.0,0.0,0.0,0.0
0.1425,0.2155,0.4,0.0,0.3333,1.0,1.0,1.0,0.0,1.0,0.3333,0.0,0.5
0.1425,0.1237,0.4,0.0,0.0,1.0,0.0,1.0,0.0,0.0,0.6665,0.0,0.0
0.1425,0.1367,0.2,0.0,0.0,1.0,0.0,0.0,0.0,0.0,0.0,0.0,0.5
0.1394,0.1272,0.6,0.0,0.3333,1.0,0.0,0.0,0.0,1.0,0.6665,0.0,0.0
0.1394,0.2275,0.6,0.0,0.6665,0.0,0.0,0.0,0.0,0.0,0.0,0.0,1.0
0.1394,0.1698,0.2,0.0,0.3333,1.0,0.0,0.0,0.0,0.0,0.0,0.0,0.0
0.1394,0.213,0.2,0.0,0.0,1.0,0.0,0.0,0.0,0.0,0.0,0.0,0.0
0.1394,0.1422,0.2,0.0,0.0,0.0,0.0,0.0,0.0,1.0,0.0,0.0,0.0
0.1394,0.1443,0.4,0.0,0.0,1.0,0.0,0.0,0.0,0.0,0.0,0.0,0.0
0.1394,0.0997,0.4,0.0,0.3333,0.0,0.0,1.0,0.0,0.0,0.0,0.0,1.0
0.1394,0.10547,0.2,0.0,0.0,1.0,0.0,1.0,0.0,0.0,0.6665,0.0,0.5
0.1388,0.07214,0.4,0.0,0.0,0.0,0.0,0.0,0.0,0.0,0.0,0.0,0.5
0.137,0.03403,0.4,0.0,0.3333,1.0,0.0,1.0,0.0,0.0,0.0,1.0,0.5
0.1364,0.1643,0.2,0.0,0.0,1.0,0.0,0.0,0.0,0.0,0.3333,0.0,0.0
0.1364,0.2147,0.6,0.0,0.3333,1.0,0.0,0.0,0.0,0.0,0.0,0.0,0.0
0.1333,0.0584,0.2,0.0,0.0,0.0,0.0,0.0,0.0,1.0,0.0,0.0,0.0
0.1333,0.10516,0.6,0.0,0.3333,1.0,0.0,1.0,0.0,1.0,0.0,0.0,0.0
0.1333,0.303,0.4,0.0,0.0,1.0,1.0,1.0,0.0,0.0,0.0,0.0,0.5
0.1333,0.1257,0.6,0.0,0.3333,0.0,0.0,0.0,0.0,0.0,0.3333,0.0,1.0
0.1333,0.1472,0.6,0.0,0.3333,1.0,0.0,0.0,0.0,0.0,0.0,0.0,1.0
0.1333,0.1643,0.2,0.0,0.0,1.0,0.0,0.0,0.0,0.0,0.0,0.0,0.0
0.1333,0.03403,0.4,0.0,0.3333,1.0,0.0,1.0,0.0,0.0,0.0,1.0,0.5
0.1333,0.2908,0.4,0.0,0.0,1.0,0.0,0.0,0.0,0.0,0.3333,0.0,0.0
0.1302,0.1959,0.2,0.0,0.0,0.0,0.0,0.0,0.0,0.0,0.0,0.0,1.0
0.1302,0.1567,0.2,0.0,0.0,0.0,0.0,0.0,0.0,0.0,0.0,0.0,0.0
0.1285,0.1367,0.6,0.0,0.3333,1.0,0.0,1.0,0.0,0.0,0.0,0.0,0.0
0.1273,0.1869,0.4,0.0,0.3333,1.0,0.0,0.0,0.0,0.0,0.0,0.0,0.0
0.1273,0.07104,0.2,0.0,0.0,1.0,0.0,0.0,0.0,1.0,0.3333,0.0,0.0
0.1273,0.1835,0.4,0.0,0.0,0.0,0.0,0.0,0.0,0.0,0.3333,0.0,0.0
0.1273,0.101,0.4,0.0,0.3333,0.0,0.0,0.0,0.0,0.0,0.0,0.0,0.5
0.1212,0.1237,0.0,0.0,0.0,1.0,0.0,0.0,0.0,0.0,0.0,0.0,0.5
0.1212,0.1605,0.2,0.3333,0.0,0.0,1.0,1.0,0.0,0.0,0.3333,0.0,0.0
0.1212,0.1272,0.2,0.0,0.0,0.0,0.0,1.0,0.0,0.0,0.0,0.0,1.0
0.1212,0.1681,0.2,0.0,0.0,1.0,0.0,0.0,0.0,0.0,0.6665,0.0,1.0
0.1212,0.0,0.4,0.0,0.3333,0.0,0.0,1.0,0.0,0.0,0.0,0.0,0.0
0.1212,0.1237,0.4,0.0,0.3333,1.0,0.0,1.0,0.0,0.0,0.0,0.0,1.0
0.1212,0.3506,0.2,0.0,0.0,1.0,0.0,0.0,0.0,0.0,0.0,0.0,1.0
0.1212,0.5054,0.4,0.0,0.3333,1.0,0.0,0.0,0.0,0.0,0.6665,0.0,1.0
0.1212,0.09753,0.2,0.0,0.0,1.0,0.0,0.0,0.0,0.0,0.3333,0.0,0.0
0.1206,0.1959,0.4,0.0,0.3333,1.0,0.0,0.0,0.0,1.0,0.0,0.0,0.0
0.1194,0.2642,0.4,0.0,0.0,1.0,0.0,1.0,0.0,0.0,0.0,0.0,0.0
0.1185,0.05142,0.4,0.0,0.0,1.0,0.0,0.0,0.0,0.0,0.0,1.0,1.0
0.11816,0.0928,0.4,0.0,0.0,0.0,0.0,0.0,0.0,1.0,0.0,0.0,0.0
0.11816,0.1512,0.4,0.0,0.3333,1.0,0.0,0.0,0.0,0.0,0.0,0.0,0.0
0.11816,0.1272,0.2,0.0,0.0,1.0,0.0,0.0,0.0,0.0,0.0,0.0,0.0
0.1158,0.4434,0.2,0.0,0.0,1.0,0.0,0.0,0.0,0.0,0.3333,0.0,0.0
0.1152,0.2275,0.2,0.0,0.0,1.0,0.0,1.0,0.0,1.0,0.0,0.0,0.0
0.1152,0.03506,0.4,0.0,0.3333,0.0,0.0,1.0,0.0,0.0,0.0,0.0,1.0
0.1152,0.099,0.2,0.0,0.0,1.0,1.0,1.0,0.0,0.0,0.0,0.0,0.0
0.1152,0.1959,0.2,0.0,0.3333,1.0,0.0,0.0,1.0,0.0,0.3333,0.0,1.0
0.1121,0.1478,0.2,0.0,0.0,1.0,0.0,0.0,0.0,0.0,0.0,0.0,0.0
0.1091,0.099,0.4,0.0,0.3333,0.0,0.0,0.0,0.0,0.0,0.0,0.0,1.0
0.1091,0.10925,0.4,0.0,0.3333,1.0,0.0,0.0,0.0,0.0,0.6665,0.0,1.0
0.1091,0.0814,0.2,0.0,0.0,1.0,0.0,0.0,0.0,0.0,0.0,0.0,1.0
0.1091,0.2028,0.2,0.0,0.0,1.0,0.0,0.0,0.0,0.0,0.0,0.0,0.5
0.1091,0.2355,0.4,0.0,0.0,0.0,0.0,0.0,0.0,0.0,0.0,0.0,0.0
0.1091,0.1443,0.4,0.0,0.3333,1.0,0.0,0.0,0.0,0.0,0.0,0.0,0.0
0.1091,0.1361,0.6,0.0,0.3333,1.0,0.0,0.0,0.0,0.0,1.0,0.0,1.0
0.10846,0.44,0.2,0.0,0.0,1.0,0.0,0.0,0.0,0.0,0.0,0.0,0.0
0.1061,0.1857,0.6,0.0,0.3333,0.0,0.0,0.0,0.0,0.0,0.3333,0.0,0.0
0.10486,0.0928,0.2,0.0,0.3333,1.0,0.0,0.0,0.0,0.0,0.0,0.0,1.0
0.103,0.2886,0.4,0.0,0.3333,1.0,0.0,1.0,0.0,0.0,0.3333,0.0,0.0
0.103,0.2275,0.2,0.0,0.0,1.0,0.0,0.0,0.0,0.0,0.0,0.0,0.0
0.103,0.134,0.4,0.0,0.3333,0.0,0.0,0.0,0.0,0.0,0.3333,0.0,0.0
0.103,0.1382,0.6,0.0,0.3333,0.0,0.0,0.0,0.0,0.0,0.0,0.0,0.0
0.103,0.1257,0.4,0.0,0.3333,0.0,0.0,0.0,0.0,0.0,0.3333,0.0,1.0
0.103,0.07214,0.2,0.0,0.0,0.0,0.0,0.0,0.0,0.0,0.0,0.0,0.5
0.103,0.1031,0.4,0.0,0.3333,0.0,0.0,0.0,0.0,0.0,0.0,0.0,0.0
0.103,0.3413,0.4,0.0,0.3333,1.0,0.0,0.0,0.0,0.0,0.0,0.0,1.0
0.097,0.0955,0.2,0.0,0.0,0.0,0.0,0.0,0.0,0.0,0.0,0.0,0.0
0.097,0.1361,0.2,0.0,0.0,1.0,0.0,0.0,0.0,0.0,0.0,0.0,0.0
0.097,0.299,0.2,0.0,0.0,1.0,0.0,0.0,0.0,0.0,0.0,0.0,1.0
0.097,0.2578,0.6,0.0,0.3333,1.0,0.0,0.0,0.0,0.0,0.0,0.0,0.0
0.09546,0.244,0.6,0.0,0.6665,1.0,0.0,0.0,0.0,0.0,0.0,0.0,0.0
0.09393,0.1134,0.4,0.0,0.3333,0.0,0.0,0.0,0.0,0.0,0.3333,0.0,1.0
0.09393,0.1855,0.4,0.0,0.3333,0.0,0.0,0.0,1.0,0.0,0.3333,0.0,0.0
0.09393,0.06805,0.2,0.0,0.0,0.0,0.0,0.0,0.0,0.0,0.3333,0.0,0.5
0.0909,0.0687,0.4,0.0,0.3333,1.0,0.0,1.0,0.0,0.0,0.3333,0.0,0.0
0.0909,0.1588,0.4,0.0,0.0,1.0,0.0,0.0,0.0,0.0,0.0,0.0,0.5
0.08484,0.354,0.2,0.0,0.0,1.0,0.0,0.0,0.0,0.0,0.0,0.0,0.0
0.08484,0.1615,0.4,0.0,0.3333,1.0,0.0,0.0,0.0,0.0,0.3333,0.0,0.0
0.08185,0.1615,0.2,0.0,0.0,1.0,0.0,0.0,0.0,0.0,0.0,0.0,0.0
0.0788,0.157,0.2,0.0,0.0,1.0,0.0,0.0,0.0,0.0,0.0,0.0,0.0
0.0788,0.02405,0.2,0.0,0.3333,1.0,0.0,0.0,0.0,0.0,0.0,0.0,1.0
0.0788,0.1361,0.4,0.6665,0.3333,0.0,1.0,0.0,0.0,0.0,0.0,0.0,0.0
0.0788,0.07904,0.4,0.0,0.0,1.0,0.0,0.0,0.0,0.0,0.0,0.0,0.0
0.0788,0.05362,0.4,0.0,0.0,0.0,0.0,0.0,0.0,0.0,0.0,0.0,0.0
0.0788,0.1257,0.2,0.0,0.0,1.0,0.0,0.0,0.0,0.0,0.3333,0.0,1.0
0.0788,0.1615,0.4,0.0,0.0,1.0,0.0,0.0,0.0,0.0,0.0,0.0,1.0
0.0782,0.10547,0.2,0.0,0.0,1.0,0.0,0.0,0.0,1.0,0.0,0.0,0.0
0.0782,0.1615,0.4,0.0,0.3333,1.0,0.0,0.0,0.0,1.0,0.0,0.0,0.0
0.0739,0.0866,0.2,0.0,0.0,0.0,0.0,0.0,0.0,0.0,0.0,0.0,0.0
0.07275,0.134,0.2,0.0,0.0,1.0,0.0,0.0,0.0,0.0,0.0,0.0,0.0
0.07275,0.189,0.2,0.0,0.0,1.0,0.0,0.0,0.0,0.0,0.0,0.0,0.0
0.07275,0.134,0.2,0.3333,0.3333,1.0,0.0,1.0,0.0,0.0,0.3333,0.0,0.5
0.06665,0.08453,0.4,0.0,0.0,0.0,0.0,0.0,0.0,0.0,0.0,0.0,0.0
0.06665,0.10516,0.4,0.0,0.0,0.0,0.0,0.0,0.0,0.0,0.0,0.0,0.0
0.06665,0.0928,0.2,0.0,0.3333,1.0,0.0,0.0,0.0,0.0,0.0,0.0,0.5
0.06366,0.189,0.4,0.0,0.3333,1.0,0.0,0.0,0.0,0.0,0.0,0.0,0.0
0.06366,0.0928,0.4,0.0,0.3333,0.0,0.0,0.0,0.0,0.0,0.0,0.0,1.0
0.0606,0.10724,0.4,0.0,0.3333,1.0,0.0,1.0,0.0,0.0,0.0,0.0,0.0
0.0606,0.10925,0.2,0.0,0.0,0.0,1.0,0.0,0.0,0.0,0.3333,0.0,0.0
0.0606,0.0928,0.2,0.0,0.0,1.0,0.0,0.0,0.0,0.0,0.3333,0.0,0.0
0.0606,0.1272,0.2,0.0,0.0,1.0,1.0,0.0,0.0,0.0,0.0,0.0,0.0
0.0606,0.2192,0.2,0.0,0.3333,1.0,0.0,0.0,0.0,0.0,0.0,0.0,0.0
0.0606,0.4158,0.2,0.0,0.0,1.0,0.0,0.0,0.0,0.0,0.0,0.0,0.0
0.05698,0.1365,0.2,0.0,0.0,0.0,0.0,0.0,0.0,0.0,0.0,0.0,0.0
0.05453,0.0567,0.4,0.0,0.3333,1.0,0.0,0.0,0.0,0.0,0.0,0.0,0.5
0.05453,0.0781,0.6,0.3333,0.3333,1.0,0.0,0.0,0.0,0.0,0.0,0.0,0.5
0.05453,0.1109,0.2,0.0,0.0,1.0,0.0,0.0,0.0,0.0,0.0,0.0,0.0
0.0515,0.1367,0.2,0.0,0.0,1.0,0.0,0.0,0.0,0.0,0.0,0.0,0.0
0.0485,0.10516,0.2,0.0,0.0,1.0,0.0,0.0,0.0,0.0,0.0,0.0,0.0
0.04544,0.01279,0.2,0.0,0.0,0.0,0.0,1.0,0.0,0.0,0.0,0.0,1.0
0.04544,0.1594,0.0,0.0,0.0,0.0,0.0,0.0,0.0,0.0,0.0,0.0,0.0
0.04544,0.1594,0.4,0.0,0.3333,1.0,0.0,1.0,0.0,0.0,0.0,0.0,0.0
0.04242,0.02061,0.4,0.0,0.0,0.0,0.0,0.0,1.0,0.0,0.0,0.0,0.0
0.0418,0.251,0.4,0.0,0.0,0.0,0.0,0.0,0.0,1.0,0.0,1.0,0.0
0.03333,0.0928,0.2,0.0,0.0,0.0,0.0,0.0,0.0,0.0,0.0,0.0,0.0
0.0303,0.05154,0.4,0.0,0.3333,1.0,0.0,0.0,0.0,0.0,0.0,0.0,0.0
0.0303,0.0928,0.6,0.0,0.3333,1.0,0.0,0.0,0.0,0.0,0.0,0.0,0.0
0.0303,0.11755,0.2,0.0,0.0,1.0,0.0,0.0,0.0,0.0,0.3333,0.0,0.0
0.01819,0.12164,0.8,0.0,0.3333,0.0,0.0,0.0,0.0,0.0,0.0,0.0,0.0
0.01212,0.003437,0.4,0.0,0.3333,1.0,0.0,0.0,0.0,0.0,0.0,0.0,0.0
0.01212,0.1373,0.2,0.0,0.0,1.0,0.0,0.0,0.0,0.0,0.0,0.0,0.0
0.009094,0.0921,0.2,0.0,0.0,0.0,0.0,0.0,0.0,0.0,0.3333,0.0,0.0
0.00606,0.0928,0.2,0.0,0.0,1.0,0.0,1.0,0.0,0.0,0.6665,0.0,0.0
0.001485,0.05154,0.4,0.0,0.0,0.0,0.0,0.0,0.0,0.0,0.0,0.0,1.0
0.0,0.1354,0.2,0.0,0.0,1.0,0.0,0.0,0.0,0.0,0.0,0.0,0.0
0.0,0.0866,0.4,0.0,0.0,0.0,0.0,0.0,0.0,0.0,0.0,0.0,0.5
0.0,0.1512,0.4,0.0,0.3333,1.0,0.0,0.0,0.0,0.0,0.0,0.0,0.0
